<assembly xmlns="urn:schemas-microsoft-com:asm.v1" manifestVersion="1.0">
  <dependency>
    <dependentAssembly>
      <assemblyIdentity name="Microsoft.Windows.Common-Controls" processorArchitecture="x86" publicKeyToken="6595b64144ccf1df" type="win32" version="6.0.0.0"></assemblyIdentity>
    </dependentAssembly>
  </dependency>
  <trustInfo xmlns="urn:schemas-microsoft-com:asm.v3">
    <security>
      <requestedPrivileges>
        <requestedExecutionLevel level="requireAdministrator" uiAccess="false"></requestedExecutionLevel>
      </requestedPrivileges>
    </security>
  </trustInfo>
  <application xmlns="urn:schemas-microsoft-com:asm.v3">
    <windowsSettings>
      <ms_windowsSettings:dpiAware xmlns:ms_windowsSettings="http://schemas.microsoft.com/SMI/2005/WindowsSettings" xmlns="http://schemas.microsoft.com/SMI/2005/WindowsSettings">true</ms_windowsSettings:dpiAware>
    </windowsSettings>
  </application>
</assembly>
